name,n,mean,sd,min,max,skew
black_market,5950,30.975689220044675,11.942253734932246,7,233.34235116056533,1.1606079900095145
cpi,5950,27.633500930168115,225.22518005845086,-16.8596910540644,7481.66361124526,18.05251309906266
economic_index,5950,54.88447228445197,16.052909937872634,14.26,95.29,0.17462080015514503
gdp_growth,5950,3.3392032742803024,6.695946868325162,-64.047106973488,149.972963487965,2.600446085184781
gov_debt,5950,56.37334194286393,49.79033560659699,0.2871382497419,677.18030965894,4.646011114766452
inflation_rate,5950,43.173621848739494,914.1654660117032,-72.7,65374.1,63.32477301074627
interest_rates,5950,5.646510728066602,11.383362741178571,-97.693477115506,139.963711232831,-1.6936103913315708
