Res.Df,RSS,Df,Sum of Sq,F,Pr(>F)
5764,852566.9346512884,NA,NA,NA,NA
5762,851818.3887886154,2,748.5458626730833,2.531714105665214,0.0796110505709585
