Model,AIC,Pseudo_R2
Full,324.0060019255449,0.06753829262503475
Reduced,337.0910256597466,0.016148544353123073
