r.squared,adj.r.squared,sigma,statistic,p.value,df,logLik,AIC,BIC,deviance,df.residual,nobs
0.4088723834268036,0.4082568392234993,12.158692600765612,664.2453640728976,0,6,-22593.572153299887,45203.144306599774,45256.426338873825,851818.3887886154,5762,5769
