term,estimate,std.error,statistic,p.value
(Intercept),82.02468243876353,0.5035485380810832,162.89329873013278,0
gov_debt,0.008942531766726165,0.003643875794523764,2.454126394803451,0.014152103144290601
inflation_rate,-0.001392124821631526,0.0015465977405283511,-0.9001208169074049,0.3680935629684535
black_market,-0.8876211050871793,0.014389907224742557,-61.68358775524067,0
cpi,-0.005608813895371029,0.001383508650071125,-4.054050471663248,5.100152738560333e-5
