sigma,converged,logLik,AIC,BIC,deviance,nobs
12.394338451065014,TRUE,-22597.1995904664,45210.39918093281,45263.68121320686,852890.2769420581,5769
