term,estimate,std.error,statistic
(Intercept),83.0299769887626,0.5463087144225531,151.98362170833218
gdp_growth,-0.03712292219380706,0.02994124959790933,-1.2398588132540467
gov_debt,0.008632935026783362,0.0038574826791194033,2.237971170554708
inflation_rate,-0.0015610797244877907,0.0016367602249888328,-0.9537620114751026
interest_rates,0.020550697187085163,0.017839772604231488,1.1519595929272473
black_market,-0.9078108668839525,0.01521708284976219,-59.65735192787885
cpi,-0.005313817139338548,0.0014877985666090876,-3.5715971628131897
