r.squared,adj.r.squared,sigma,statistic,p.value,df,logLik,AIC,BIC,deviance,df.residual,nobs
0.4061607972734269,0.40554242948162555,8.167830831879748,656.8272194291434,0,6,-20298.4275119441,40612.8550238882,40666.13705616225,384402.95939065964,5762,5769
