r.squared,adj.r.squared,sigma,statistic,p.value,df,logLik,AIC,BIC,deviance,df.residual,nobs
0.408352922779415,0.4079423418791924,12.161923198807838,994.5735969650518,0,4,-22596.10582998674,45204.21165997348,45244.173184179024,852566.9346512884,5764,5769
