r.squared,adj.r.squared,sigma,statistic,p.value,df,logLik,AIC,BIC,deviance,df.residual,nobs
0.3451576438446475,0.3444965208197557,12.996944659203239,522.0777840873465,0,6,-23699.232318687384,47414.46463737477,47467.993809363084,1003894.9503293091,5943,5950
