row,cooks_d
4572,3.3128938666299064
113,0.32974655609553044
949,0.05624038124303835
791,0.021396072160032347
1160,0.008532747141584201
475,0.007341122804566489
257,0.007023169162651203
123,0.006891957027159098
281,0.006848139472173821
439,0.006145576329431078
