Variable,VIF
gdp_growth,1.0261503316224574
gov_debt,1.0050389535585693
inflation_rate,1.116501720013698
interest_rates,1.0938901730489423
black_market,1.0804734029431993
cpi,1.1551794772951745
